"mjop_discipline";"grids_discipline";"ele_tekst";"proposed_assetType";"ele_eenheid";"ele_soort";"ele_nlsfbhoofd";"element_count";"row_count"
"";"";"Terrein; schuifpoort";"Schuifpoort";"st";"";"90";;"1"
"Bouwkundig Exterieur";"Bouwkunde";"Buitenschilderwerk totaal";"Buitenschilderwerk";"m2";"";"46";"6";"6"
"Bouwkundig Exterieur";"Bouwkunde";"Buitenschilderwerk totaal (kozijnen)";"Buitenschilderwerk";"m2";"";"46";;"1"
"Bouwkundig Exterieur";"Bouwkunde";"Dakafwerking aluminium, golfplaten Dakvlak 1";"Dakafwerking";"m2";"";"47";;"1"
"Bouwkundig Exterieur";"Bouwkunde";"Dakafwerking aluminium, golfplaten Dakvlak 2";"Dakafwerking";"m2";"";"47";;"1"
"Bouwkundig Exterieur";"Bouwkunde";"Dakafwerking aluminium, golfplaten Dakvlak 4";"Dakafwerking";"m2";"";"47";;"1"
"Bouwkundig Exterieur";"Bouwkunde";"Dakafwerking antraciet pannen Dakvlak 1";"Dakafwerking";"m2";"";"47";;"1"
"Bouwkundig Exterieur";"Bouwkunde";"Dakafwerking antraciet pannen Dakvlak 3";"Dakafwerking";"m2";"";"47";;"1"
"Bouwkundig Exterieur";"Bouwkunde";"Dakafwerking antraciet pannen Dakvlak 5";"Dakafwerking";"m2";"";"47";;"1"
"Bouwkundig Exterieur";"Bouwkunde";"Dakafwerking antraciet pannen Dakvlak 7";"Dakafwerking";"m2";"";"47";;"1"
"Bouwkundig Exterieur";"Bouwkunde";"Dakbedekking bitumen + isoleren Dakvlak 1";"Dakafwerking";"m2";"";"47";"4";"12"
"Bouwkundig Exterieur";"Bouwkunde";"Dakbedekking bitumen + isoleren Dakvlak 10";"Dakafwerking";"m2";"";"47";"2";"6"
"Bouwkundig Exterieur";"Bouwkunde";"Dakbedekking bitumen + isoleren Dakvlak 11";"Dakafwerking";"m2";"";"47";"2";"6"
"Bouwkundig Exterieur";"Bouwkunde";"Dakbedekking bitumen + isoleren Dakvlak 12";"Dakafwerking";"m2";"";"47";"2";"6"
"Bouwkundig Exterieur";"Bouwkunde";"Dakbedekking bitumen + isoleren Dakvlak 13";"Dakafwerking";"m2";"";"47";;"3"
"Bouwkundig Exterieur";"Bouwkunde";"Dakbedekking bitumen + isoleren Dakvlak 14";"Dakafwerking";"m2";"";"47";;"3"
"Bouwkundig Exterieur";"Bouwkunde";"Dakbedekking bitumen + isoleren Dakvlak 2";"Dakafwerking";"m2";"";"47";"5";"15"
"Bouwkundig Exterieur";"Bouwkunde";"Dakbedekking bitumen + isoleren Dakvlak 3";"Dakafwerking";"m2";"";"47";"5";"15"
"Bouwkundig Exterieur";"Bouwkunde";"Dakbedekking bitumen + isoleren Dakvlak 4";"Dakafwerking";"m2";"";"47";"5";"15"
"Bouwkundig Exterieur";"Bouwkunde";"Dakbedekking bitumen + isoleren Dakvlak 5";"Dakafwerking";"m2";"";"47";"3";"9"
"Bouwkundig Exterieur";"Bouwkunde";"Dakbedekking bitumen + isoleren Dakvlak 5A";"Dakafwerking";"m2";"";"47";;"3"
"Bouwkundig Exterieur";"Bouwkunde";"Dakbedekking bitumen + isoleren Dakvlak 5B";"Dakafwerking";"m2";"";"47";;"3"
"Bouwkundig Exterieur";"Bouwkunde";"Dakbedekking bitumen + isoleren Dakvlak 6";"Dakafwerking";"m2";"";"47";"4";"12"
"Bouwkundig Exterieur";"Bouwkunde";"Dakbedekking bitumen + isoleren Dakvlak 7";"Dakafwerking";"m2";"";"47";"2";"6"
"Bouwkundig Exterieur";"Bouwkunde";"Dakbedekking bitumen + isoleren Dakvlak 8";"Dakafwerking";"m2";"";"47";"2";"6"
"Bouwkundig Exterieur";"Bouwkunde";"Dakbedekking bitumen + isoleren Dakvlak 9";"Dakafwerking";"m2";"";"47";"2";"6"
"Bouwkundig Exterieur";"Bouwkunde";"Dakbedekking bitumen geballast";"Dakafwerking";"m2";"";"47";;"3"
"Bouwkundig Exterieur";"Bouwkunde";"Hekwerk";"Hekwerk";"m1";"";"90";"3";"3"
"Bouwkundig Exterieur";"Bouwkunde";"Metselwerk Gevel";"Gevel";"m2";"";"21";"12";"44"
"Bouwkundig Exterieur";"Bouwkunde";"Opstallen algemeen rijwielberging";"Rijwielberging";"st";"";"90";"4";"4"
"Bouwkundig Exterieur";"Bouwkunde";"Terreinverharding asfalt";"Terreinverharding";"m2";"";"90";"3";"3"
"Bouwkundig Exterieur";"Bouwkunde";"Terreinverharding klinkers";"Terreinverharding";"m2";"";"90";"7";"7"
"Bouwkundig Exterieur";"Bouwkunde";"Valbeveiliging";"Dakbeveiliging";"pst";"";"47";"4";"4"
"Bouwkundig Exterieur";"Bouwkunde";"Vliesgevel";"Vliesgevel";"m2";"";"21";;"2"
"Bouwkundig Exterieur";"Bouwkunde";"Zonwering screens elektrisch";"Zonwering screens";"st";"";"31";"6";"18"
"Bouwkundig Exterieur";"Bouwkunde";"Zonwering screens elektrisch (nood/west gevel)";"Zonwering screens";"st";"";"31";;"3"
"Bouwkundig Exterieur";"Bouwkunde";"Zonwering screens elektrisch (zuid/oost gevel)";"Zonwering screens";"st";"";"31";;"3"
"Bouwkundig Exterieur";"Bouwkunde";"Zonwering, knikarmscherm elektrisch";"Zonwering knikarmscherm";"st";"";"31";;"2"
"Bouwkundig Exterieur";"Bouwkunde";"Zonwering, uitvalscherm elektrisch";"Zonwering uitvalscherm";"st";"";"31";"4";"12"
"Bouwkundig Exterieur";"Bouwkunde";"Zonwering, uitvalscherm elektrisch (oostvleugel)";"Zonwering uitvalscherm";"st";"";"31";;"3"
"Bouwkundig Exterieur";"Bouwkunde";"Zonwering, uitvalscherm elektrisch (overig)";"Zonwering uitvalscherm";"st";"";"31";;"3"
"Bouwkundig Interieur";"Bouwkunde";"Afwerkingspakket Interieur (Buitenhuis)";"Afwerkingspakket interieur";"bvo";"";"48";;"1"
"Bouwkundig Interieur";"Bouwkunde";"Afwerkingspakket Interieur (De Beemden)";"Afwerkingspakket interieur";"bvo";"";"48";;"1"
"Bouwkundig Interieur";"Bouwkunde";"Afwerkingspakket Interieur (Lidiuina B)";"Afwerkingspakket interieur";"bvo";"";"48";;"1"
"Bouwkundig Interieur";"Bouwkunde";"Afwerkingspakket Interieur (Liduina Algemeen)";"Afwerkingspakket interieur";"bvo";"";"48";;"1"
"Bouwkundig Interieur";"Bouwkunde";"Afwerkingspakket Interieur (Liduina C)";"Afwerkingspakket interieur";"bvo";"";"48";;"1"
"Bouwkundig Interieur";"Bouwkunde";"Afwerkingspakket Interieur (Liduina E)";"Afwerkingspakket interieur";"bvo";"";"48";;"1"
"Bouwkundig Interieur";"Bouwkunde";"Afwerkingspakket Interieur (Liduina H)";"Afwerkingspakket interieur";"bvo";"";"48";;"1"
"Bouwkundig Interieur";"Bouwkunde";"Afwerkingspakket Interieur (Liduina PZ)";"Afwerkingspakket interieur";"bvo";"";"48";;"1"
"Bouwkundig Interieur";"Bouwkunde";"Afwerkingspakket Interieur (Liduina S)";"Afwerkingspakket interieur";"bvo";"";"48";;"1"
"Bouwkundig Interieur";"Bouwkunde";"Afwerkingspakket Interieur (Simeonshof)";"Afwerkingspakket interieur";"bvo";"";"48";;"1"
"Bouwkundig Interieur";"Bouwkunde";"Afwerkingspakket Interieur (Venloene)";"Afwerkingspakket interieur";"bvo";"";"48";;"1"
"Bouwkundig Interieur";"Bouwkunde";"Afwerkingspakket Interieur (Vinckenrode)";"Afwerkingspakket interieur";"bvo";"";"48";;"1"
"Bouwkundig Interieur";"Bouwkunde";"Afwerkingspakket Interieur (Vita)";"Afwerkingspakket interieur";"bvo";"";"48";;"1"
"Bouwkundig Interieur";"Bouwkunde";"Afwerkingspakket Interieur (Vlaswiek)";"Afwerkingspakket interieur";"bvo";"";"48";;"1"
"Bouwkundig Interieur";"Bouwkunde";"Afwerkingspakket Interieur (Vossenber Kapel)";"Afwerkingspakket interieur";"bvo";"";"48";;"1"
"Bouwkundig Interieur";"Bouwkunde";"Afwerkingspakket Interieur (Vossenberg)";"Afwerkingspakket interieur";"bvo";"";"48";;"1"
"Bouwkundig Interieur";"Bouwkunde";"Afwerkingspakket Interieur (Wereldhuis)";"Afwerkingspakket interieur";"bvo";"";"48";;"1"
"Bouwkundig Interieur";"Bouwkunde";"Afwerkingspakket Interieur Antoniushof";"Afwerkingspakket interieur";"bvo";"";"48";;"1"
"Bouwkundig Interieur";"Bouwkunde";"Afwerkingspakket Interieur Buitenhuis (huur)";"Afwerkingspakket interieur";"bvo";"";"48";;"1"
"Bouwkundig Interieur";"Bouwkunde";"Afwerkingspakket Interieur Rosagaerde";"Afwerkingspakket interieur";"bvo";"";"48";;"1"
"Bouwkundig Interieur";"Bouwkunde";"Afwerkingspakket Sanitaire ruimten (Algemeen)";"Afwerkingspakket sanitair";"bvo";"";"48";"11";"22"
"Bouwkundig Interieur";"Bouwkunde";"Afwerkingspakket Sanitaire ruimten (Bewonerskamer)";"Afwerkingspakket sanitair";"bvo";"";"48";"3";"8"
"Bouwkundig Interieur";"Bouwkunde";"Afwerkingspakket Sanitaire ruimten (Bewonerskamers)";"Afwerkingspakket sanitair";"bvo";"";"48";;"2"
"Bouwkundig Interieur";"Bouwkunde";"Grootkeukeninrichting";"Grootkeukeninrichting";"st";"";"72";"7";"7"
"Bouwkundig Interieur";"Bouwkunde";"Keukenblok (divers)";"Keukenblok";"st";"";"73";;"1"
"Bouwkundig Interieur";"Bouwkunde";"Keukenblok (huiskamer 1e verdieping)";"Keukenblok";"st";"";"73";;"1"
"Bouwkundig Interieur";"Bouwkunde";"Keukenblok (huiskamer 2e verdieping)";"Keukenblok";"st";"";"73";;"1"
"Bouwkundig Interieur";"Bouwkunde";"Keukenblok (huiskamer 3e verdieping)";"Keukenblok";"st";"";"73";;"1"
"Bouwkundig Interieur";"Bouwkunde";"Keukenblok (huiskamer BG)";"Keukenblok";"st";"";"73";;"1"
"Bouwkundig Interieur";"Bouwkunde";"Keukenblok (huiskamers)";"Keukenblok";"st";"";"73";"6";"6"
"Bouwkundig Interieur";"Bouwkunde";"Keukenblok (Personeelsruimte)";"Keukenblok";"st";"";"73";;"1"
"Bouwkundig Interieur";"Bouwkunde";"Keukenblok (Verdieping 1)";"Keukenblok";"st";"";"73";;"1"
"Bouwkundig Interieur";"Bouwkunde";"Keukenblok (Verdieping 2)";"Keukenblok";"st";"";"73";;"1"
"Bouwkundig Interieur";"Bouwkunde";"Keukenblok (Verdieping 3)";"Keukenblok";"st";"";"73";;"1"
"Bouwkundig Interieur";"Bouwkunde";"Keukenblok (Verdieping 4)";"Keukenblok";"st";"";"73";;"1"
"Bouwkundig Interieur";"Bouwkunde";"Keukenblok (Verdieping 5)";"Keukenblok";"st";"";"73";;"1"
"Bouwkundig Interieur";"Bouwkunde";"Keukenblok (Zaal de Evenaar)";"Keukenblok";"st";"";"73";;"1"
"Bouwkundig Interieur";"Bouwkunde";"Koelcel";"Koelcelinstallatie";"st";"";"73";"2";"2"
"Bouwkundig Interieur";"Bouwkunde";"Pantryblokken";"Pantryblok";"st";"";"73";"6";"6"
"Bouwkundig Interieur";"Bouwkunde";"Pantryblokken 1e verdieping";"Pantryblok";"st";"";"73";;"1"
"Bouwkundig Interieur";"Bouwkunde";"Pantryblokken 2e verdieping";"Pantryblok";"st";"";"73";"2";"2"
"Bouwkundig Interieur";"Bouwkunde";"Pantryblokken begane grond";"Pantryblok";"st";"";"73";;"1"
"Bouwkundig Interieur";"Bouwkunde";"Pantryblokken derde verdieping";"Pantryblok";"st";"";"73";;"1"
"Bouwkundig Interieur";"Bouwkunde";"Pantryblokken eerste verdieping";"Pantryblok";"st";"";"73";"2";"2"
"Bouwkundig Interieur";"Bouwkunde";"Pantryblokken tweede verdieping";"Pantryblok";"st";"";"73";;"1"
"Bouwkundig Interieur";"Bouwkunde";"Pantryblokken vierde verdieping";"Pantryblok";"st";"";"73";;"1"
"Bouwkundig Interieur";"Bouwkunde";"Vrijloopdranger 1e verdieping";"Vrijloopdrangers";"st";"";"32";"3";"3"
"Bouwkundig Interieur";"Bouwkunde";"Vrijloopdranger 2e verdieping";"Vrijloopdrangers";"st";"";"32";;"1"
"Bouwkundig Interieur";"Bouwkunde";"Vrijloopdranger 3e verdieping";"Vrijloopdrangers";"st";"";"32";"2";"2"
"Bouwkundig Interieur";"Bouwkunde";"Vrijloopdranger 4e verdieping";"Vrijloopdrangers";"st";"";"32";"2";"2"
"Bouwkundig Interieur";"Bouwkunde";"Vrijloopdranger 5e verdieping";"Vrijloopdrangers";"st";"";"32";;"1"
"Bouwkundig Interieur";"Bouwkunde";"Vrijloopdranger Begane grond";"Vrijloopdrangers";"st";"";"32";"3";"3"
"Bouwkundig Interieur";"Bouwkunde";"Vrijloopdrangers";"Vrijloopdrangers";"st";"";"32";;"1"
"Bouwkundig Interieur";"Bouwkunde";"Vrijloopdrangers 2e verdieping";"Vrijloopdrangers";"st";"";"32";;"1"
"Bouwkundig Interieur";"Bouwkunde";"Vrijloopdrangers Buitenhuis";"Vrijloopdrangers";"st";"";"32";;"1"
"Bouwkundig Interieur";"Bouwkunde";"Vrijloopdrangers De Beemden";"Vrijloopdrangers";"st";"";"32";;"1"
"Bouwkundig Interieur";"Bouwkunde";"Vrijloopdrangers Liduina Bouwdeel B";"Vrijloopdrangers";"st";"";"32";;"1"
"Bouwkundig Interieur";"Bouwkunde";"Vrijloopdrangers Liduina Bouwdeel C";"Vrijloopdrangers";"st";"";"32";;"1"
"Bouwkundig Interieur";"Bouwkunde";"Vrijloopdrangers Liduina Bouwdeel E";"Vrijloopdrangers";"st";"";"32";;"1"
"Bouwkundig Interieur";"Bouwkunde";"Vrijloopdrangers Liduina Bouwdeel H";"Vrijloopdrangers";"st";"";"32";;"1"
"Bouwkundig Interieur";"Bouwkunde";"Vrijloopdrangers Liduina Bouwdeel P&Z";"Vrijloopdrangers";"st";"";"32";;"1"
"Bouwkundig Interieur";"Bouwkunde";"Vrijloopdrangers Liduina Bouwdeel S";"Vrijloopdrangers";"st";"";"32";;"1"
"Bouwkundig Interieur";"Bouwkunde";"Vrijloopdrangers Vossenberg";"Vrijloopdrangers";"st";"";"32";;"1"
"EED-Maatregelen";"Duurzaamheid";"Duurzaamheidsinvesteringen Buitenhuis";"Duurzaamheid";"pst";"";"99";;"1"
"EED-Maatregelen";"Duurzaamheid";"Duurzaamheidsinvesteringen De Beemden";"Duurzaamheid";"pst";"";"99";;"1"
"EED-Maatregelen";"Duurzaamheid";"Duurzaamheidsinvesteringen Liduina";"Duurzaamheid";"pst";"";"99";;"2"
"EED-Maatregelen";"Duurzaamheid";"Duurzaamheidsinvesteringen Rosagaerde";"Duurzaamheid";"pst";"";"99";;"1"
"EED-Maatregelen";"Duurzaamheid";"Duurzaamheidsinvesteringen Simeonshof";"Duurzaamheid";"pst";"";"99";;"1"
"EED-Maatregelen";"Duurzaamheid";"Duurzaamheidsinvesteringen Vlaswiek";"Duurzaamheid";"pst";"";"99";;"2"
"EED-Maatregelen";"Duurzaamheid";"Duurzaamheidsinvesteringen Wereldhuis";"Duurzaamheid";"pst";"";"99";;"2"
"E-Installatie";"Elektra";"Bliksembeveilingsinstallatie";"Bliksembeveiliging";"pst";"";"61";"11";"11"
"E-Installatie";"Elektra";"Brandmeldinstallatie";"Brandmeldinstallatie";"st";"";"65";"9";"31"
"E-Installatie";"Elektra";"Frequentieregelaar (LBK)";"Frequentieregelaar (LBK)";"st";"Regeling klimaat en sanitair";"58";;"1"
"E-Installatie";"Elektra";"Gebouwdomotica (KNX Systeem)";"Gebouwdomotica (KNX Systeem)";"st";"";"67";"2";"2"
"E-Installatie";"Elektra";"GTV-installatie";"GTV-installatie";"st";"";"65";"7";"7"
"E-Installatie";"Elektra";"Hoofdverdeelkast";"Hoofdverdeelkast";"st";"(Hoofd)verdeelinrichtingen";"61";"4";"4"
"E-Installatie";"Elektra";"Hoofdverdeelkast (HvK1)";"Hoofdverdeelkast";"st";"(Hoofd)verdeelinrichtingen";"61";;"1"
"E-Installatie";"Elektra";"Hoofdverdeelkast (HvK2)";"Hoofdverdeelkast";"st";"(Hoofd)verdeelinrichtingen";"61";;"1"
"E-Installatie";"Elektra";"Hoofdverdeelkast HKL";"Hoofdverdeelkast";"st";"(Hoofd)verdeelinrichtingen";"61";;"1"
"E-Installatie";"Elektra";"Noodstroomaggregaat";"Noodstroomaggregaat";"st";"";"61";;"1"
"E-Installatie";"Elektra";"Noodverlichtingsarmaturen (decentraal)";"Noodverlichting";"st";"";"63";;"2"
"E-Installatie";"Elektra";"Noodverlichtingsarmaturen (LED)";"Noodverlichting";"st";"";"63";;"2"
"E-Installatie";"Elektra";"Noodverlichtingsarmatuur LED (centraal)";"Noodverlichtingsarmaturen";"st";"";"63";"2";"6"
"E-Installatie";"Elektra";"Noodverlichtingsarmatuur LED (decentraal)";"Noodverlichtingsarmaturen";"st";"";"63";"3";"6"
"E-Installatie";"Elektra";"Onderverdeelkast";"Onderverdeelkast";"st";"(Hoofd)verdeelinrichtingen";"61";"5";"5"
"E-Installatie";"Elektra";"Onderverdeelkast 1";"Onderverdeelkast";"st";"(Hoofd)verdeelinrichtingen";"61";;"1"
"E-Installatie";"Elektra";"Onderverdeelkast 10";"Onderverdeelkast";"st";"(Hoofd)verdeelinrichtingen";"61";;"1"
"E-Installatie";"Elektra";"Onderverdeelkast 11";"Onderverdeelkast";"st";"(Hoofd)verdeelinrichtingen";"61";;"1"
"E-Installatie";"Elektra";"Onderverdeelkast 12";"Onderverdeelkast";"st";"(Hoofd)verdeelinrichtingen";"61";;"1"
"E-Installatie";"Elektra";"Onderverdeelkast 13";"Onderverdeelkast";"st";"(Hoofd)verdeelinrichtingen";"61";;"1"
"E-Installatie";"Elektra";"Onderverdeelkast 14";"Onderverdeelkast";"st";"(Hoofd)verdeelinrichtingen";"61";;"1"
"E-Installatie";"Elektra";"Onderverdeelkast 15";"Onderverdeelkast";"st";"(Hoofd)verdeelinrichtingen";"61";;"1"
"E-Installatie";"Elektra";"Onderverdeelkast 16";"Onderverdeelkast";"st";"(Hoofd)verdeelinrichtingen";"61";;"1"
"E-Installatie";"Elektra";"Onderverdeelkast 17";"Onderverdeelkast";"st";"(Hoofd)verdeelinrichtingen";"61";;"1"
"E-Installatie";"Elektra";"Onderverdeelkast 18";"Onderverdeelkast";"st";"(Hoofd)verdeelinrichtingen";"61";;"1"
"E-Installatie";"Elektra";"Onderverdeelkast 19";"Onderverdeelkast";"st";"(Hoofd)verdeelinrichtingen";"61";;"1"
"E-Installatie";"Elektra";"Onderverdeelkast 2";"Onderverdeelkast";"st";"(Hoofd)verdeelinrichtingen";"61";;"1"
"E-Installatie";"Elektra";"Onderverdeelkast 20";"Onderverdeelkast";"st";"(Hoofd)verdeelinrichtingen";"61";;"1"
"E-Installatie";"Elektra";"Onderverdeelkast 21";"Onderverdeelkast";"st";"(Hoofd)verdeelinrichtingen";"61";;"1"
"E-Installatie";"Elektra";"Onderverdeelkast 22";"Onderverdeelkast";"st";"(Hoofd)verdeelinrichtingen";"61";;"1"
"E-Installatie";"Elektra";"Onderverdeelkast 23";"Onderverdeelkast";"st";"(Hoofd)verdeelinrichtingen";"61";;"1"
"E-Installatie";"Elektra";"Onderverdeelkast 24";"Onderverdeelkast";"st";"(Hoofd)verdeelinrichtingen";"61";;"1"
"E-Installatie";"Elektra";"Onderverdeelkast 3";"Onderverdeelkast";"st";"(Hoofd)verdeelinrichtingen";"61";;"1"
"E-Installatie";"Elektra";"Onderverdeelkast 4";"Onderverdeelkast";"st";"(Hoofd)verdeelinrichtingen";"61";;"1"
"E-Installatie";"Elektra";"Onderverdeelkast 5";"Onderverdeelkast";"st";"(Hoofd)verdeelinrichtingen";"61";;"1"
"E-Installatie";"Elektra";"Onderverdeelkast 6";"Onderverdeelkast";"st";"(Hoofd)verdeelinrichtingen";"61";;"1"
"E-Installatie";"Elektra";"Onderverdeelkast 7";"Onderverdeelkast";"st";"(Hoofd)verdeelinrichtingen";"61";;"1"
"E-Installatie";"Elektra";"Onderverdeelkast 8";"Onderverdeelkast";"st";"(Hoofd)verdeelinrichtingen";"61";;"1"
"E-Installatie";"Elektra";"Onderverdeelkast 9";"Onderverdeelkast";"st";"(Hoofd)verdeelinrichtingen";"61";;"1"
"E-Installatie";"Elektra";"Onderverdeelkast A1";"Onderverdeelkast";"st";"(Hoofd)verdeelinrichtingen";"61";;"1"
"E-Installatie";"Elektra";"Onderverdeelkast A2";"Onderverdeelkast";"st";"(Hoofd)verdeelinrichtingen";"61";;"1"
"E-Installatie";"Elektra";"Onderverdeelkast KK-0";"Onderverdeelkast";"st";"(Hoofd)verdeelinrichtingen";"61";;"1"
"E-Installatie";"Elektra";"Onderverdeelkast Kkeu";"Onderverdeelkast";"st";"(Hoofd)verdeelinrichtingen";"61";;"1"
"E-Installatie";"Elektra";"Onderverdeelkast L1a";"Onderverdeelkast";"st";"(Hoofd)verdeelinrichtingen";"61";;"1"
"E-Installatie";"Elektra";"Onderverdeelkast L1b";"Onderverdeelkast";"st";"(Hoofd)verdeelinrichtingen";"61";;"1"
"E-Installatie";"Elektra";"Onderverdeelkast L1c";"Onderverdeelkast";"st";"(Hoofd)verdeelinrichtingen";"61";;"1"
"E-Installatie";"Elektra";"Onderverdeelkast L1d";"Onderverdeelkast";"st";"(Hoofd)verdeelinrichtingen";"61";;"1"
"E-Installatie";"Elektra";"Onderverdeelkast L2a";"Onderverdeelkast";"st";"(Hoofd)verdeelinrichtingen";"61";;"1"
"E-Installatie";"Elektra";"Onderverdeelkast L2c";"Onderverdeelkast";"st";"(Hoofd)verdeelinrichtingen";"61";;"1"
"E-Installatie";"Elektra";"Onderverdeelkast L3a";"Onderverdeelkast";"st";"(Hoofd)verdeelinrichtingen";"61";;"1"
"E-Installatie";"Elektra";"Onderverdeelkast L3b";"Onderverdeelkast";"st";"(Hoofd)verdeelinrichtingen";"61";;"1"
"E-Installatie";"Elektra";"Onderverdeelkast L3c";"Onderverdeelkast";"st";"(Hoofd)verdeelinrichtingen";"61";;"1"
"E-Installatie";"Elektra";"Onderverdeelkast LA";"Onderverdeelkast";"st";"(Hoofd)verdeelinrichtingen";"61";;"1"
"E-Installatie";"Elektra";"Onderverdeelkast LC";"Onderverdeelkast";"st";"(Hoofd)verdeelinrichtingen";"61";;"1"
"E-Installatie";"Elektra";"Onderverdeelkast LK0-0";"Onderverdeelkast";"st";"(Hoofd)verdeelinrichtingen";"61";;"1"
"E-Installatie";"Elektra";"Onderverdeelkast LK0-1";"Onderverdeelkast";"st";"(Hoofd)verdeelinrichtingen";"61";;"1"
"E-Installatie";"Elektra";"Onderverdeelkast LK0-2";"Onderverdeelkast";"st";"(Hoofd)verdeelinrichtingen";"61";;"1"
"E-Installatie";"Elektra";"Onderverdeelkast LK1-1";"Onderverdeelkast";"st";"(Hoofd)verdeelinrichtingen";"61";;"1"
"E-Installatie";"Elektra";"Onderverdeelkast LK2-1";"Onderverdeelkast";"st";"(Hoofd)verdeelinrichtingen";"61";;"1"
"E-Installatie";"Elektra";"Onderverdeelkast LK3-1";"Onderverdeelkast";"st";"(Hoofd)verdeelinrichtingen";"61";;"1"
"E-Installatie";"Elektra";"Onderverdeelkast LK4-1";"Onderverdeelkast";"st";"(Hoofd)verdeelinrichtingen";"61";;"1"
"E-Installatie";"Elektra";"Onderverdeelkast OVK A 2.1";"Onderverdeelkast";"st";"(Hoofd)verdeelinrichtingen";"61";;"1"
"E-Installatie";"Elektra";"Onderverdeelkast OVK0-1";"Onderverdeelkast";"st";"(Hoofd)verdeelinrichtingen";"61";;"1"
"E-Installatie";"Elektra";"Onderverdeelkast OVK-01";"Onderverdeelkast";"st";"(Hoofd)verdeelinrichtingen";"61";;"1"
"E-Installatie";"Elektra";"Onderverdeelkast OVK0-2";"Onderverdeelkast";"st";"(Hoofd)verdeelinrichtingen";"61";;"1"
"E-Installatie";"Elektra";"Onderverdeelkast OVK-02";"Onderverdeelkast";"st";"(Hoofd)verdeelinrichtingen";"61";;"1"
"E-Installatie";"Elektra";"Onderverdeelkast OVK-03";"Onderverdeelkast";"st";"(Hoofd)verdeelinrichtingen";"61";;"1"
"E-Installatie";"Elektra";"Onderverdeelkast OVK-04";"Onderverdeelkast";"st";"(Hoofd)verdeelinrichtingen";"61";;"1"
"E-Installatie";"Elektra";"Onderverdeelkast OVK-05";"Onderverdeelkast";"st";"(Hoofd)verdeelinrichtingen";"61";;"1"
"E-Installatie";"Elektra";"Onderverdeelkast OVK0-6";"Onderverdeelkast";"st";"(Hoofd)verdeelinrichtingen";"61";;"1"
"E-Installatie";"Elektra";"Onderverdeelkast OVK-06";"Onderverdeelkast";"st";"(Hoofd)verdeelinrichtingen";"61";;"1"
"E-Installatie";"Elektra";"Onderverdeelkast OVK-07";"Onderverdeelkast";"st";"(Hoofd)verdeelinrichtingen";"61";;"1"
"E-Installatie";"Elektra";"Onderverdeelkast OVK-08";"Onderverdeelkast";"st";"(Hoofd)verdeelinrichtingen";"61";;"1"
"E-Installatie";"Elektra";"Onderverdeelkast OVK-09";"Onderverdeelkast";"st";"(Hoofd)verdeelinrichtingen";"61";;"1"
"E-Installatie";"Elektra";"Onderverdeelkast OVK-10";"Onderverdeelkast";"st";"(Hoofd)verdeelinrichtingen";"61";;"1"
"E-Installatie";"Elektra";"Onderverdeelkast OVK1-1";"Onderverdeelkast";"st";"(Hoofd)verdeelinrichtingen";"61";;"1"
"E-Installatie";"Elektra";"Onderverdeelkast OVK-11";"Onderverdeelkast";"st";"(Hoofd)verdeelinrichtingen";"61";;"1"
"E-Installatie";"Elektra";"Onderverdeelkast OVK-1-1";"Onderverdeelkast";"st";"(Hoofd)verdeelinrichtingen";"61";;"1"
"E-Installatie";"Elektra";"Onderverdeelkast OVK1-2";"Onderverdeelkast";"st";"(Hoofd)verdeelinrichtingen";"61";;"1"
"E-Installatie";"Elektra";"Onderverdeelkast OVK-12";"Onderverdeelkast";"st";"(Hoofd)verdeelinrichtingen";"61";;"1"
"E-Installatie";"Elektra";"Onderverdeelkast OVK-13";"Onderverdeelkast";"st";"(Hoofd)verdeelinrichtingen";"61";;"1"
"E-Installatie";"Elektra";"Onderverdeelkast OVK-14";"Onderverdeelkast";"st";"(Hoofd)verdeelinrichtingen";"61";;"1"
"E-Installatie";"Elektra";"Onderverdeelkast OVK-15";"Onderverdeelkast";"st";"(Hoofd)verdeelinrichtingen";"61";;"1"
"E-Installatie";"Elektra";"Onderverdeelkast OVK-16";"Onderverdeelkast";"st";"(Hoofd)verdeelinrichtingen";"61";;"1"
"E-Installatie";"Elektra";"Onderverdeelkast OVK2-1";"Onderverdeelkast";"st";"(Hoofd)verdeelinrichtingen";"61";;"1"
"E-Installatie";"Elektra";"Onderverdeelkast OVK2-2";"Onderverdeelkast";"st";"(Hoofd)verdeelinrichtingen";"61";;"1"
"E-Installatie";"Elektra";"Onderverdeelkast OVK2-3";"Onderverdeelkast";"st";"(Hoofd)verdeelinrichtingen";"61";;"1"
"E-Installatie";"Elektra";"Onderverdeelkast OVK3-1";"Onderverdeelkast";"st";"(Hoofd)verdeelinrichtingen";"61";;"1"
"E-Installatie";"Elektra";"Onderverdeelkast OVK3-2";"Onderverdeelkast";"st";"(Hoofd)verdeelinrichtingen";"61";;"1"
"E-Installatie";"Elektra";"Onderverdeelkast OVK3-3";"Onderverdeelkast";"st";"(Hoofd)verdeelinrichtingen";"61";;"1"
"E-Installatie";"Elektra";"Onderverdeelkast OVK4-1";"Onderverdeelkast";"st";"(Hoofd)verdeelinrichtingen";"61";;"1"
"E-Installatie";"Elektra";"Onderverdeelkast OVK4-2";"Onderverdeelkast";"st";"(Hoofd)verdeelinrichtingen";"61";;"1"
"E-Installatie";"Elektra";"Onderverdeelkast OVK4-3";"Onderverdeelkast";"st";"(Hoofd)verdeelinrichtingen";"61";;"1"
"E-Installatie";"Elektra";"Onderverdeelkast OVK5-1";"Onderverdeelkast";"st";"(Hoofd)verdeelinrichtingen";"61";;"1"
"E-Installatie";"Elektra";"Onderverdeelkast OVK5-2";"Onderverdeelkast";"st";"(Hoofd)verdeelinrichtingen";"61";;"1"
"E-Installatie";"Elektra";"Onderverdeelkast OVK6-1";"Onderverdeelkast";"st";"(Hoofd)verdeelinrichtingen";"61";;"1"
"E-Installatie";"Elektra";"Onderverdeelkast OVK-A-0";"Onderverdeelkast";"st";"(Hoofd)verdeelinrichtingen";"61";;"1"
"E-Installatie";"Elektra";"Onderverdeelkast OVK-A-0.1";"Onderverdeelkast";"st";"(Hoofd)verdeelinrichtingen";"61";;"1"
"E-Installatie";"Elektra";"Onderverdeelkast OVK-A-1";"Onderverdeelkast";"st";"(Hoofd)verdeelinrichtingen";"61";;"1"
"E-Installatie";"Elektra";"Onderverdeelkast OVK-A-1.1";"Onderverdeelkast";"st";"(Hoofd)verdeelinrichtingen";"61";;"1"
"E-Installatie";"Elektra";"Onderverdeelkast OVK-A-2";"Onderverdeelkast";"st";"(Hoofd)verdeelinrichtingen";"61";;"1"
"E-Installatie";"Elektra";"Onderverdeelkast OVK-B-0";"Onderverdeelkast";"st";"(Hoofd)verdeelinrichtingen";"61";;"1"
"E-Installatie";"Elektra";"Onderverdeelkast OVK-B-1";"Onderverdeelkast";"st";"(Hoofd)verdeelinrichtingen";"61";;"1"
"E-Installatie";"Elektra";"Onderverdeelkast OVK-B-2";"Onderverdeelkast";"st";"(Hoofd)verdeelinrichtingen";"61";;"1"
"E-Installatie";"Elektra";"Onderverdeelkast OVK-H-2.1";"Onderverdeelkast";"st";"(Hoofd)verdeelinrichtingen";"61";;"1"
"E-Installatie";"Elektra";"Onderverdeelkast OVK-H-2.2";"Onderverdeelkast";"st";"(Hoofd)verdeelinrichtingen";"61";;"1"
"E-Installatie";"Elektra";"Onderverdeelkast OVK-H-2.3";"Onderverdeelkast";"st";"(Hoofd)verdeelinrichtingen";"61";;"1"
"E-Installatie";"Elektra";"Onderverdeelkast OVK-K-1";"Onderverdeelkast";"st";"(Hoofd)verdeelinrichtingen";"61";;"1"
"E-Installatie";"Elektra";"Onderverdeelkast OVK-K-2";"Onderverdeelkast";"st";"(Hoofd)verdeelinrichtingen";"61";;"1"
"E-Installatie";"Elektra";"Onderverdeelkast OVK-K-3";"Onderverdeelkast";"st";"(Hoofd)verdeelinrichtingen";"61";;"1"
"E-Installatie";"Elektra";"Onderverdeelkast OVK-k-4";"Onderverdeelkast";"st";"(Hoofd)verdeelinrichtingen";"61";;"1"
"E-Installatie";"Elektra";"Onderverdeelkast OVK-K-5";"Onderverdeelkast";"st";"(Hoofd)verdeelinrichtingen";"61";;"1"
"E-Installatie";"Elektra";"Onderverdeelkast Terrein";"Onderverdeelkast";"st";"(Hoofd)verdeelinrichtingen";"61";;"1"
"E-Installatie";"Elektra";"Onderverdeelkast VK";"Onderverdeelkast";"st";"(Hoofd)verdeelinrichtingen";"61";;"1"
"E-Installatie";"Elektra";"Onderverdeelkast Woningen";"Onderverdeelkast";"st";"(Hoofd)verdeelinrichtingen";"61";;"1"
"E-Installatie";"Elektra";"Schakelkast hydrofoor";"Schakelkast hydrofoor";"st";"Regeling klimaat en sanitair";"58";;"1"
"E-Installatie";"Elektra";"Sleutelkast Begane grond";"Sleutelkast";"st";"";"65";"12";"23"
"E-Installatie";"Elektra";"Terrein; schuifpoort";"Schuifpoort";"st";"";"90";"2";"3"
"E-Installatie";"Elektra";"Terrein; slagboom Buitendeur huisvest. parkeerplaats";"Slagboom";"pst";"";"90";;"1"
"E-Installatie";"Elektra";"Terreinverlichting";"Terreinverlichting";"st";"";"90";"5";"9"
"E-Installatie";"Elektra";"Terreinverlichting gevelarmaturen";"Terreinverlichting";"st";"";"90";"2";"2"
"E-Installatie";"Elektra";"Terreinverlichting lichtmast";"Terreinverlichting";"st";"";"90";"2";"2"
"E-Installatie";"Elektra";"Toegangscontrole-installatie";"Toegangscontrole-installatie";"st";"";"65";"11";"11"
"E-Installatie";"Elektra";"Verlichtingsarmaturen (LED)";"Verlichtingsarmaturen (LED)";"bvo";"Verlichting";"63";"9";"12"
"E-Installatie";"Elektra";"Zonnecollector";"Zonnecollector";"st";"Warmteopwekking";"51";"3";"3"
"E-Installatie";"Elektra";"Zonnepanelen - Omvormer en PV-panelen";"Zonnepanelen";"st";"E-Installatie";"61";"4";"12"
"E-Installatie";"Elektra";"Zonwering screens elektrisch";"Zonwering screens";"st";"";"31";;"3"
"E-Installatie";"Elektra";"Zonwering, knikarmscherm elektrisch (breedte <2m)";"Zonwering knikarmscherm";"st";"";"31";;"3"
"Kone";"Bouwkunde";"Automatische draaideur 1e gallerij 11-20";"Automatische deuren";"st";"";"32";;"1"
"Kone";"Bouwkunde";"Automatische draaideur 1e gallerij 3-10";"Automatische deuren";"st";"";"32";;"1"
"Kone";"Bouwkunde";"Automatische draaideur BG gallerij 11-20";"Automatische deuren";"st";"";"32";;"1"
"Kone";"Bouwkunde";"Automatische draaideur BG gallerij 3-10";"Automatische deuren";"st";"";"32";;"1"
"Kone";"Bouwkunde";"Automatische draaideur Binnendeur aanleunwo.";"Automatische deuren";"st";"";"32";;"1"
"Kone";"Bouwkunde";"Automatische draaideur Binnendeur aanleunwo. naast lift";"Automatische deuren";"st";"";"32";;"1"
"Kone";"Bouwkunde";"Automatische draaideur Binnendeur noodunit";"Automatische deuren";"st";"";"32";;"1"
"Kone";"Bouwkunde";"Automatische draaideur Binnendeur tuin/terras";"Automatische deuren";"st";"";"32";;"1"
"Kone";"Bouwkunde";"Automatische draaideur Buitendeur entree 11-20";"Automatische deuren";"st";"";"31";;"1"
"Kone";"Bouwkunde";"Automatische draaideur Buitendeur gang aanleunwo.";"Automatische deuren";"st";"";"31";;"1"
"Kone";"Bouwkunde";"Automatische draaideur Buitendeur gesloten afdeling, UWD2";"Automatische deuren";"st";"";"31";;"1"
"Kone";"Bouwkunde";"Automatische draaideur Buitendeur tuin";"Automatische deuren";"st";"";"31";;"1"
"Kone";"Bouwkunde";"Automatische draaideur C1 Spoelkeuken";"Automatische deuren";"st";"";"32";;"1"
"Kone";"Bouwkunde";"Automatische draaideur Entree gesloten afdeling";"Automatische deuren";"st";"";"32";;"1"
"Kone";"Bouwkunde";"Automatische draaideur Gesloten afdeling";"Automatische deuren";"st";"";"32";;"1"
"Kone";"Bouwkunde";"Automatische draaideur M/S keuken naast lift";"Automatische deuren";"st";"";"32";;"1"
"Kone";"Bouwkunde";"Automatische draaideur Personeelsuitgang";"Automatische deuren";"st";"";"32";;"1"
"Kone";"Bouwkunde";"Automatische draaideur S2 HK10";"Automatische deuren";"st";"";"32";;"1"
"Kone";"Bouwkunde";"Automatische draaideur S2 HK11";"Automatische deuren";"st";"";"32";;"1"
"Kone";"Bouwkunde";"Automatische draaideur S2 HK12";"Automatische deuren";"st";"";"32";;"1"
"Kone";"Bouwkunde";"Automatische draaideur S2 HK13";"Automatische deuren";"st";"";"32";;"1"
"Kone";"Bouwkunde";"Automatische draaideur S2 HK14";"Automatische deuren";"st";"";"32";;"1"
"Kone";"Bouwkunde";"Automatische draaideur S2 HK15";"Automatische deuren";"st";"";"32";;"1"
"Kone";"Bouwkunde";"Automatische draaideur S2 HK16";"Automatische deuren";"st";"";"32";;"1"
"Kone";"Bouwkunde";"Automatische draaideur S2 HK17";"Automatische deuren";"st";"";"32";;"1"
"Kone";"Bouwkunde";"Automatische draaideur S2 HK18";"Automatische deuren";"st";"";"32";;"1"
"Kone";"Bouwkunde";"Automatische draaideur S2 HK19";"Automatische deuren";"st";"";"32";;"1"
"Kone";"Bouwkunde";"Automatische draaideur S2 HK2";"Automatische deuren";"st";"";"32";;"1"
"Kone";"Bouwkunde";"Automatische draaideur S2 HK21";"Automatische deuren";"st";"";"32";;"1"
"Kone";"Bouwkunde";"Automatische draaideur S2 HK3";"Automatische deuren";"st";"";"32";;"1"
"Kone";"Bouwkunde";"Automatische draaideur S2 HK4";"Automatische deuren";"st";"";"32";;"1"
"Kone";"Bouwkunde";"Automatische draaideur S2 HK5";"Automatische deuren";"st";"";"32";;"1"
"Kone";"Bouwkunde";"Automatische draaideur S2 HK6";"Automatische deuren";"st";"";"32";;"1"
"Kone";"Bouwkunde";"Automatische draaideur S2 HK7";"Automatische deuren";"st";"";"32";;"1"
"Kone";"Bouwkunde";"Automatische draaideur S2 HK8";"Automatische deuren";"st";"";"32";;"1"
"Kone";"Bouwkunde";"Automatische draaideur S2 HK9";"Automatische deuren";"st";"";"32";;"1"
"Kone";"Bouwkunde";"Automatische draaideur S2 Rookruimte";"Automatische deuren";"st";"";"32";;"1"
"Kone";"Bouwkunde";"Automatische draaideur S3 HK1";"Automatische deuren";"st";"";"32";;"1"
"Kone";"Bouwkunde";"Automatische draaideur S3 HK10";"Automatische deuren";"st";"";"32";;"1"
"Kone";"Bouwkunde";"Automatische draaideur S3 HK11";"Automatische deuren";"st";"";"32";;"1"
"Kone";"Bouwkunde";"Automatische draaideur S3 HK12";"Automatische deuren";"st";"";"32";;"1"
"Kone";"Bouwkunde";"Automatische draaideur S3 HK13";"Automatische deuren";"st";"";"32";;"1"
"Kone";"Bouwkunde";"Automatische draaideur S3 HK14";"Automatische deuren";"st";"";"32";;"1"
"Kone";"Bouwkunde";"Automatische draaideur S3 HK15";"Automatische deuren";"st";"";"32";;"1"
"Kone";"Bouwkunde";"Automatische draaideur S3 HK16";"Automatische deuren";"st";"";"32";;"1"
"Kone";"Bouwkunde";"Automatische draaideur S3 HK17";"Automatische deuren";"st";"";"32";;"1"
"Kone";"Bouwkunde";"Automatische draaideur S3 HK18";"Automatische deuren";"st";"";"32";;"1"
"Kone";"Bouwkunde";"Automatische draaideur S3 HK19";"Automatische deuren";"st";"";"32";;"1"
"Kone";"Bouwkunde";"Automatische draaideur S3 HK2";"Automatische deuren";"st";"";"32";;"1"
"Kone";"Bouwkunde";"Automatische draaideur S3 HK20";"Automatische deuren";"st";"";"32";;"1"
"Kone";"Bouwkunde";"Automatische draaideur S3 HK21";"Automatische deuren";"st";"";"32";;"1"
"Kone";"Bouwkunde";"Automatische draaideur S3 HK3";"Automatische deuren";"st";"";"32";;"1"
"Kone";"Bouwkunde";"Automatische draaideur S3 HK4";"Automatische deuren";"st";"";"32";;"1"
"Kone";"Bouwkunde";"Automatische draaideur S3 HK5";"Automatische deuren";"st";"";"32";;"1"
"Kone";"Bouwkunde";"Automatische draaideur S3 HK6";"Automatische deuren";"st";"";"32";;"1"
"Kone";"Bouwkunde";"Automatische draaideur S3 HK7";"Automatische deuren";"st";"";"32";;"1"
"Kone";"Bouwkunde";"Automatische draaideur S3 HK8";"Automatische deuren";"st";"";"32";;"1"
"Kone";"Bouwkunde";"Automatische draaideur S3 HK9";"Automatische deuren";"st";"";"32";;"1"
"Kone";"Bouwkunde";"Automatische draaideur S4 HK1";"Automatische deuren";"st";"";"32";;"1"
"Kone";"Bouwkunde";"Automatische draaideur S4 HK10";"Automatische deuren";"st";"";"32";;"1"
"Kone";"Bouwkunde";"Automatische draaideur S4 HK11";"Automatische deuren";"st";"";"32";;"1"
"Kone";"Bouwkunde";"Automatische draaideur S4 HK12";"Automatische deuren";"st";"";"32";;"1"
"Kone";"Bouwkunde";"Automatische draaideur S4 HK13";"Automatische deuren";"st";"";"32";;"1"
"Kone";"Bouwkunde";"Automatische draaideur S4 HK14";"Automatische deuren";"st";"";"32";;"1"
"Kone";"Bouwkunde";"Automatische draaideur S4 HK15";"Automatische deuren";"st";"";"32";;"1"
"Kone";"Bouwkunde";"Automatische draaideur S4 HK16";"Automatische deuren";"st";"";"32";;"1"
"Kone";"Bouwkunde";"Automatische draaideur S4 HK17";"Automatische deuren";"st";"";"32";;"1"
"Kone";"Bouwkunde";"Automatische draaideur S4 HK18";"Automatische deuren";"st";"";"32";;"1"
"Kone";"Bouwkunde";"Automatische draaideur S4 HK19";"Automatische deuren";"st";"";"32";;"1"
"Kone";"Bouwkunde";"Automatische draaideur S4 HK2";"Automatische deuren";"st";"";"32";;"1"
"Kone";"Bouwkunde";"Automatische draaideur S4 HK20";"Automatische deuren";"st";"";"32";;"1"
"Kone";"Bouwkunde";"Automatische draaideur S4 HK21";"Automatische deuren";"st";"";"32";;"1"
"Kone";"Bouwkunde";"Automatische draaideur S4 HK3";"Automatische deuren";"st";"";"32";;"1"
"Kone";"Bouwkunde";"Automatische draaideur S4 HK5";"Automatische deuren";"st";"";"32";;"1"
"Kone";"Bouwkunde";"Automatische draaideur S4 HK6";"Automatische deuren";"st";"";"32";;"1"
"Kone";"Bouwkunde";"Automatische draaideur S4 HK7";"Automatische deuren";"st";"";"32";;"1"
"Kone";"Bouwkunde";"Automatische draaideur S4 HK8";"Automatische deuren";"st";"";"32";;"1"
"Kone";"Bouwkunde";"Automatische draaideur S4 HK9";"Automatische deuren";"st";"";"32";;"1"
"Kone";"Bouwkunde";"Automatische draaideur S5 HK1";"Automatische deuren";"st";"";"32";;"1"
"Kone";"Bouwkunde";"Automatische draaideur S5 HK10";"Automatische deuren";"st";"";"32";;"1"
"Kone";"Bouwkunde";"Automatische draaideur S5 HK11";"Automatische deuren";"st";"";"32";;"1"
"Kone";"Bouwkunde";"Automatische draaideur S5 HK12";"Automatische deuren";"st";"";"32";;"1"
"Kone";"Bouwkunde";"Automatische draaideur S5 HK13";"Automatische deuren";"st";"";"32";;"1"
"Kone";"Bouwkunde";"Automatische draaideur S5 HK14";"Automatische deuren";"st";"";"32";;"1"
"Kone";"Bouwkunde";"Automatische draaideur S5 HK15";"Automatische deuren";"st";"";"32";;"1"
"Kone";"Bouwkunde";"Automatische draaideur S5 HK16";"Automatische deuren";"st";"";"32";;"1"
"Kone";"Bouwkunde";"Automatische draaideur S5 HK17";"Automatische deuren";"st";"";"32";;"1"
"Kone";"Bouwkunde";"Automatische draaideur S5 HK18";"Automatische deuren";"st";"";"32";;"1"
"Kone";"Bouwkunde";"Automatische draaideur S5 HK19";"Automatische deuren";"st";"";"32";;"1"
"Kone";"Bouwkunde";"Automatische draaideur S5 HK2";"Automatische deuren";"st";"";"32";;"1"
"Kone";"Bouwkunde";"Automatische draaideur S5 HK20";"Automatische deuren";"st";"";"32";;"1"
"Kone";"Bouwkunde";"Automatische draaideur S5 HK21";"Automatische deuren";"st";"";"32";;"1"
"Kone";"Bouwkunde";"Automatische draaideur S5 HK3";"Automatische deuren";"st";"";"32";;"1"
"Kone";"Bouwkunde";"Automatische draaideur S5 HK4";"Automatische deuren";"st";"";"32";;"1"
"Kone";"Bouwkunde";"Automatische draaideur S5 HK5";"Automatische deuren";"st";"";"32";;"1"
"Kone";"Bouwkunde";"Automatische draaideur S5 HK6";"Automatische deuren";"st";"";"32";;"1"
"Kone";"Bouwkunde";"Automatische draaideur S5 HK7";"Automatische deuren";"st";"";"32";;"1"
"Kone";"Bouwkunde";"Automatische draaideur S5 HK8";"Automatische deuren";"st";"";"32";;"1"
"Kone";"Bouwkunde";"Automatische draaideur S5 HK9";"Automatische deuren";"st";"";"32";;"1"
"Kone";"Bouwkunde";"Automatische draaideur S6 Opslag";"Automatische deuren";"st";"";"32";;"1"
"Kone";"Bouwkunde";"Automatische draaideur Tussendeur gang aanleunwo.";"Automatische deuren";"st";"";"32";;"1"
"Kone";"Bouwkunde";"Automatische schuifdeur - telescopische deur B1 Gesloten afd. De Berk";"Automatische deuren";"st";"";"32";;"1"
"Kone";"Bouwkunde";"Automatische schuifdeur - telescopische deur B1 Thuiszorg Elde";"Automatische deuren";"st";"";"32";;"1"
"Kone";"Bouwkunde";"Automatische schuifdeur - telescopische deur E1 Gesloten afd. De Linde";"Automatische deuren";"st";"";"32";;"1"
"Kone";"Bouwkunde";"Automatische schuifdeur - telescopische deur H1 Receptie/liften";"Automatische deuren";"st";"";"32";;"1"
"Kone";"Bouwkunde";"Automatische schuifdeur 1e verd. PG";"Automatische deuren";"st";"";"32";;"1"
"Kone";"Bouwkunde";"Automatische schuifdeur B1 Oleander";"Automatische deuren";"st";"";"32";;"1"
"Kone";"Bouwkunde";"Automatische schuifdeur B2 Afd. Oliander";"Automatische deuren";"st";"";"32";;"1"
"Kone";"Bouwkunde";"Automatische schuifdeur B2 Lift/trap/restaurant";"Automatische deuren";"st";"";"32";;"1"
"Kone";"Bouwkunde";"Automatische schuifdeur B3 Griepvaccinatie";"Automatische deuren";"st";"";"32";;"1"
"Kone";"Bouwkunde";"Automatische schuifdeur B4 Oleander";"Automatische deuren";"st";"";"32";;"1"
"Kone";"Bouwkunde";"Automatische schuifdeur Binnendeur";"Automatische deuren";"st";"";"32";;"1"
"Kone";"Bouwkunde";"Automatische schuifdeur Binnendeur 5e verd.";"Automatische deuren";"st";"";"32";;"1"
"Kone";"Bouwkunde";"Automatische schuifdeur Binnendeur entree";"Automatische deuren";"st";"";"32";"2";"2"
"Kone";"Bouwkunde";"Automatische schuifdeur Binnendeur entree buitenhuis";"Automatische deuren";"st";"";"32";;"1"
"Kone";"Bouwkunde";"Automatische schuifdeur Binnendeur gang naar kantoren";"Automatische deuren";"st";"";"32";;"1"
"Kone";"Bouwkunde";"Automatische schuifdeur Binnendeur restaurant";"Automatische deuren";"st";"";"32";;"1"
"Kone";"Bouwkunde";"Automatische schuifdeur Brand scheiding tussendeur";"Automatische deuren";"st";"";"32";;"1"
"Kone";"Bouwkunde";"Automatische schuifdeur Buitendeur achter";"Automatische deuren";"st";"";"31";;"1"
"Kone";"Bouwkunde";"Automatische schuifdeur Buitendeur binnenplaats";"Automatische deuren";"st";"";"31";;"1"
"Kone";"Bouwkunde";"Automatische schuifdeur Buitendeur entree";"Automatische deuren";"st";"";"31";"3";"3"
"Kone";"Bouwkunde";"Automatische schuifdeur Buitendeur entree buitenhuis";"Automatische deuren";"st";"";"31";;"1"
"Kone";"Bouwkunde";"Automatische schuifdeur Buitendeur scootmobielruimte";"Automatische deuren";"st";"";"31";;"1"
"Kone";"Bouwkunde";"Automatische schuifdeur Buitendeur Zorgwinkel";"Automatische deuren";"st";"";"31";;"1"
"Kone";"Bouwkunde";"Automatische schuifdeur C1 Binnendeur goederen";"Automatische deuren";"st";"";"32";;"1"
"Kone";"Bouwkunde";"Automatische schuifdeur C1 Buitendeur goederen";"Automatische deuren";"st";"";"31";;"1"
"Kone";"Bouwkunde";"Automatische schuifdeur C1 ICT/gang";"Automatische deuren";"st";"";"32";;"1"
"Kone";"Bouwkunde";"Automatische schuifdeur C1 Schoonegang keuken";"Automatische deuren";"st";"";"32";;"1"
"Kone";"Bouwkunde";"Automatische schuifdeur C1 TD Ruimte";"Automatische deuren";"st";"";"32";;"1"
"Kone";"Bouwkunde";"Automatische schuifdeur C2 Dommelzicht";"Automatische deuren";"st";"";"32";;"1"
"Kone";"Bouwkunde";"Automatische schuifdeur C2 Restaurant JBZ";"Automatische deuren";"st";"";"32";;"1"
"Kone";"Bouwkunde";"Automatische schuifdeur C2 Restaurant/Gesloten afd.";"Automatische deuren";"st";"";"32";;"1"
"Kone";"Bouwkunde";"Automatische schuifdeur E2 Gesloten afd. De Peel";"Automatische deuren";"st";"";"32";;"1"
"Kone";"Bouwkunde";"Automatische schuifdeur Gelsoten afdeling, BG vlasblom";"Automatische deuren";"st";"";"32";;"1"
"Kone";"Bouwkunde";"Automatische schuifdeur Gesloten afdeling, 1e vlaspit";"Automatische deuren";"st";"";"32";;"1"
"Kone";"Bouwkunde";"Automatische schuifdeur H1 Binnendeur Corridor";"Automatische deuren";"st";"";"32";;"1"
"Kone";"Bouwkunde";"Automatische schuifdeur H1 Buitendeur Corridor";"Automatische deuren";"st";"";"31";;"1"
"Kone";"Bouwkunde";"Automatische schuifdeur H1 Corridor/half receptie";"Automatische deuren";"st";"";"32";;"1"
"Kone";"Bouwkunde";"Automatische schuifdeur H1 Receptie/liften";"Automatische deuren";"st";"";"32";;"1"
"Kone";"Bouwkunde";"Automatische schuifdeur H2 Restaurant/trap";"Automatische deuren";"st";"";"32";;"1"
"Kone";"Bouwkunde";"Automatische schuifdeur Locatie niet bekend - nader te bepalen";"Automatische deuren";"st";"";"31";;"1"
"Kone";"Bouwkunde";"Automatische schuifdeur P1 Gesloten afd. De Kempen";"Automatische deuren";"st";"";"32";;"1"
"Kone";"Bouwkunde";"Automatische schuifdeur P2 Gesloten afd. Meierij";"Automatische deuren";"st";"";"32";;"1"
"Kone";"Bouwkunde";"Automatische schuifdeur S2 HK20";"Automatische deuren";"st";"";"32";;"1"
"Kone";"Bouwkunde";"Automatische schuifdeur S2 Huiskamer";"Automatische deuren";"st";"";"32";;"1"
"Kone";"Bouwkunde";"Automatische schuifdeur S3 Entree Egelantier";"Automatische deuren";"st";"";"32";;"1"
"Kone";"Bouwkunde";"Automatische schuifdeur S3 Huiskamer";"Automatische deuren";"st";"";"32";;"1"
"Kone";"Bouwkunde";"Automatische schuifdeur S3 Rookruimte";"Automatische deuren";"st";"";"32";;"1"
"Kone";"Bouwkunde";"Automatische schuifdeur S4 Huiskamer";"Automatische deuren";"st";"";"32";;"1"
"Kone";"Bouwkunde";"Automatische schuifdeur S5 Huiskamer";"Automatische deuren";"st";"";"32";;"1"
"Kone";"Bouwkunde";"Automatische schuifdeur Toegangs tuin t.p.v. noodt";"Automatische deuren";"st";"";"31";;"1"
"Kone";"Bouwkunde";"Terrein; schuifpoort";"Automatische deuren";"st";"";"90";;"1"
"Organisatorisch";"";"Bijdrage MJOP Woonzorg Nederland";"Organisation";"pst";"";"99";;"10"
"Organisatorisch";"";"Overig Preventief Onderhoud (Keuringen - Inspecties)";"Organisation";"BVO";"";"99";"9";"18"
"Organisatorisch";"";"Projecten";"Organisation";"pst";"";"99";;"1"
"Organisatorisch";"";"Storingsonderhoud (Exploitatie)";"Organisation";"pst";"";"99";"13";"14"
"Organisatorisch";"";"Storingsonderhoud Algemeen (Exploitatie)";"Organisation";"pst";"";"99";;"1"
"Organisatorisch";"";"VVE Bijdrage";"Organisation";"pst";"";"99";;"1"
"Transport";"Transportinstallaties";"Personenlift";"Personenlift";"st";"";"66";;"4"
"Transport";"Transportinstallaties";"Personenlift (Elektrische lift)";"Personenlift";"st";"";"66";;"5"
"Transport";"Transportinstallaties";"Personenlift (Grote lift)";"Personenlift";"st";"";"66";;"7"
"Transport";"Transportinstallaties";"Personenlift (Hoofdingang Links)";"Personenlift";"st";"";"66";;"4"
"Transport";"Transportinstallaties";"Personenlift (Hoofdingang Rechts)";"Personenlift";"st";"";"66";;"5"
"Transport";"Transportinstallaties";"Personenlift (Kleine lift)";"Personenlift";"st";"";"66";;"4"
"Transport";"Transportinstallaties";"Personenlift (Kleine lift) Achterin pand gelegen";"Personenlift";"st";"";"66";;"4"
"Transport";"Transportinstallaties";"Personenlift (Lift 1)";"Personenlift";"st";"";"66";;"5"
"Transport";"Transportinstallaties";"Personenlift (Lift 1) Somatiek Trappenhuiszijde";"Personenlift";"st";"";"66";;"2"
"Transport";"Transportinstallaties";"Personenlift (Lift 2)";"Personenlift";"st";"";"66";;"5"
"Transport";"Transportinstallaties";"Personenlift (Lift 2) Somatiek Gangzijde";"Personenlift";"st";"";"66";;"3"
"Transport";"Transportinstallaties";"Personenlift (Lift A) Entreebalie";"Personenlift";"st";"";"66";;"4"
"Transport";"Transportinstallaties";"Personenlift (Lift B) Restaurant links";"Personenlift";"st";"";"66";;"4"
"Transport";"Transportinstallaties";"Personenlift Bouwdeel E (De Banaan)";"Personenlift";"st";"";"66";;"6"
"Transport";"Transportinstallaties";"Personenlift Hoofdingang";"Personenlift";"st";"";"66";;"5"
"Transport";"Transportinstallaties";"Personenlift Restaurant links";"Personenlift";"st";"";"66";;"5"
"W-Installatie";"Werktuigbouwkundig";"(Multi) Splitsysteem < 2,5 kW";"Multi-Splitsysteem";"st";"Koudeopwekking";"55";;"2"
"W-Installatie";"Werktuigbouwkundig";"(Multi) Splitsysteem 10 kW";"Multi-Splitsysteem";"st";"Koudeopwekking";"55";"4";"8"
"W-Installatie";"Werktuigbouwkundig";"(Multi) Splitsysteem 2,5 - 5 kW";"Multi-Splitsysteem";"st";"Koudeopwekking";"55";"8";"16"
"W-Installatie";"Werktuigbouwkundig";"(Multi) Splitsysteem 2,5 - 5 kW";"Multi-Splitsysteem";"st";"Koudeopwekking";"55";"4";"8"
"W-Installatie";"Werktuigbouwkundig";"(Multi) Splitsysteem 2,5 - 5 kW (19)";"Multi-Splitsysteem";"st";"Koudeopwekking";"55";;"2"
"W-Installatie";"Werktuigbouwkundig";"(Multi) Splitsysteem 2,5 - 5 kW (21)";"Multi-Splitsysteem";"st";"Koudeopwekking";"55";;"2"
"W-Installatie";"Werktuigbouwkundig";"(Multi) Splitsysteem 2,5 - 5 kW (22)";"Multi-Splitsysteem";"st";"Koudeopwekking";"55";;"2"
"W-Installatie";"Werktuigbouwkundig";"(Multi) Splitsysteem 2,5 - 5 kW duo split (4)";"Multi-Splitsysteem";"st";"Koudeopwekking";"55";;"2"
"W-Installatie";"Werktuigbouwkundig";"(Multi) Splitsysteem 2,5 - 5 kW duo split ac (4)";"Multi-Splitsysteem";"st";"Koudeopwekking";"55";;"2"
"W-Installatie";"Werktuigbouwkundig";"(Multi) Splitsysteem 2,5 - 5 kW duo split ac (7)";"Multi-Splitsysteem";"st";"Koudeopwekking";"55";;"2"
"W-Installatie";"Werktuigbouwkundig";"(Multi) Splitsysteem 2,5 - 5 kW Restaurant (1)";"Multi-Splitsysteem";"st";"Koudeopwekking";"55";;"2"
"W-Installatie";"Werktuigbouwkundig";"(Multi) Splitsysteem 2,5 - 5 kW Restaurant (2)";"Multi-Splitsysteem";"st";"Koudeopwekking";"55";;"2"
"W-Installatie";"Werktuigbouwkundig";"(Multi) Splitsysteem 2,5 - 5 kW Restaurant (3)";"Multi-Splitsysteem";"st";"Koudeopwekking";"55";;"2"
"W-Installatie";"Werktuigbouwkundig";"(Multi) Splitsysteem 2,5 - 5 kW Restaurant (4)";"Multi-Splitsysteem";"st";"Koudeopwekking";"55";;"2"
"W-Installatie";"Werktuigbouwkundig";"(Multi) Splitsysteem 2,5 - 5 kW Restaurant (5)";"Multi-Splitsysteem";"st";"Koudeopwekking";"55";;"2"
"W-Installatie";"Werktuigbouwkundig";"(Multi) Splitsysteem 2,5 - 5 kW Serverruimte (5a)";"Multi-Splitsysteem";"st";"Koudeopwekking";"55";;"2"
"W-Installatie";"Werktuigbouwkundig";"(Multi) Splitsysteem 2,5 - 5 kW split (1)";"Multi-Splitsysteem";"st";"Koudeopwekking";"55";;"2"
"W-Installatie";"Werktuigbouwkundig";"(Multi) Splitsysteem 2,5 - 5 kW split (10)";"Multi-Splitsysteem";"st";"Koudeopwekking";"55";;"2"
"W-Installatie";"Werktuigbouwkundig";"(Multi) Splitsysteem 2,5 - 5 kW split (14)";"Multi-Splitsysteem";"st";"Koudeopwekking";"55";;"2"
"W-Installatie";"Werktuigbouwkundig";"(Multi) Splitsysteem 2,5 - 5 kW split (15)";"Multi-Splitsysteem";"st";"Koudeopwekking";"55";;"2"
"W-Installatie";"Werktuigbouwkundig";"(Multi) Splitsysteem 2,5 - 5 kW split (16)";"Multi-Splitsysteem";"st";"Koudeopwekking";"55";;"2"
"W-Installatie";"Werktuigbouwkundig";"(Multi) Splitsysteem 2,5 - 5 kW split (17)";"Multi-Splitsysteem";"st";"Koudeopwekking";"55";"2";"4"
"W-Installatie";"Werktuigbouwkundig";"(Multi) Splitsysteem 2,5 - 5 kW split (18)";"Multi-Splitsysteem";"st";"Koudeopwekking";"55";"2";"4"
"W-Installatie";"Werktuigbouwkundig";"(Multi) Splitsysteem 2,5 - 5 kW split (19)";"Multi-Splitsysteem";"st";"Koudeopwekking";"55";;"2"
"W-Installatie";"Werktuigbouwkundig";"(Multi) Splitsysteem 2,5 - 5 kW split (2)";"Multi-Splitsysteem";"st";"Koudeopwekking";"55";;"2"
"W-Installatie";"Werktuigbouwkundig";"(Multi) Splitsysteem 2,5 - 5 kW split (20)";"Multi-Splitsysteem";"st";"Koudeopwekking";"55";;"2"
"W-Installatie";"Werktuigbouwkundig";"(Multi) Splitsysteem 2,5 - 5 kW split (3)";"Multi-Splitsysteem";"st";"Koudeopwekking";"55";;"2"
"W-Installatie";"Werktuigbouwkundig";"(Multi) Splitsysteem 2,5 - 5 kW split (4)";"Multi-Splitsysteem";"st";"Koudeopwekking";"55";;"2"
"W-Installatie";"Werktuigbouwkundig";"(Multi) Splitsysteem 2,5 - 5 kW split (5)";"Multi-Splitsysteem";"st";"Koudeopwekking";"55";"2";"4"
"W-Installatie";"Werktuigbouwkundig";"(Multi) Splitsysteem 2,5 - 5 kW split (6)";"Multi-Splitsysteem";"st";"Koudeopwekking";"55";;"2"
"W-Installatie";"Werktuigbouwkundig";"(Multi) Splitsysteem 2,5 - 5 kW split (8)";"Multi-Splitsysteem";"st";"Koudeopwekking";"55";;"2"
"W-Installatie";"Werktuigbouwkundig";"(Multi) Splitsysteem 2,5 - 5 kW split rec.zaal 1e verd.";"Multi-Splitsysteem";"st";"Koudeopwekking";"55";;"2"
"W-Installatie";"Werktuigbouwkundig";"(Multi) Splitsysteem 2,5 - 5 kW split serverruimte";"Multi-Splitsysteem";"st";"Koudeopwekking";"55";;"2"
"W-Installatie";"Werktuigbouwkundig";"(Multi) Splitsysteem 2,5 - 5 kW trio split (12)";"Multi-Splitsysteem";"st";"Koudeopwekking";"55";"2";"6"
"W-Installatie";"Werktuigbouwkundig";"(Multi) Splitsysteem 7 - 10 kW";"Multi-Splitsysteem";"st";"Koudeopwekking";"55";"6";"12"
"W-Installatie";"Werktuigbouwkundig";"Afzuiginstallatie (gassen)";"Afzuiginstallatie (gassen)";"st";"";"57";;"1"
"W-Installatie";"Werktuigbouwkundig";"Afzuigventilator";"Afzuigventilator";"st";"";"57";"3";"3"
"W-Installatie";"Werktuigbouwkundig";"Afzuigventilator";"Afzuigventilator";"st";"";"57";"3";"3"
"W-Installatie";"Werktuigbouwkundig";"Boiler 700 liter";"Boiler";"st";"";"53";;"1"
"W-Installatie";"Werktuigbouwkundig";"Boiler direct gestookt 300 liter";"Boiler";"st";"";"53";;"1"
"W-Installatie";"Werktuigbouwkundig";"Boiler direct gestookt industrieel < 250 liter";"Boiler";"st";"";"53";;"1"
"W-Installatie";"Werktuigbouwkundig";"Boiler indirect gestookt 300 liter";"Boiler";"st";"";"53";;"1"
"W-Installatie";"Werktuigbouwkundig";"Boiler indirect gestookt 500 liter";"Boiler";"st";"";"53";"2";"2"
"W-Installatie";"Werktuigbouwkundig";"Buffervat";"Buffervat";"st";"";"53";"2";"2"
"W-Installatie";"Werktuigbouwkundig";"Buffervat 1000 liter";"Buffervat";"st";"";"53";"6";"6"
"W-Installatie";"Werktuigbouwkundig";"Buffervat 1250 liter";"Buffervat";"st";"";"53";;"1"
"W-Installatie";"Werktuigbouwkundig";"Buffervat 1500 liter";"Buffervat";"st";"";"53";;"1"
"W-Installatie";"Werktuigbouwkundig";"Buffervat 500 liter";"Buffervat";"st";"";"53";;"1"
"W-Installatie";"Werktuigbouwkundig";"Buffervat 800 liter";"Buffervat";"st";"";"53";;"1"
"W-Installatie";"Werktuigbouwkundig";"Circulatiepomp";"Circulatiepomp";"st";"";"56";"2";"2"
"W-Installatie";"Werktuigbouwkundig";"Circulatiepomp";"Circulatiepomp";"st";"";"56";"22";"22"
"W-Installatie";"Werktuigbouwkundig";"Circulatiepomp (CV)";"Circulatiepomp";"st";"";"56";"2";"2"
"W-Installatie";"Werktuigbouwkundig";"Circulatiepomp (ketels)";"Circulatiepomp";"st";"";"56";"2";"2"
"W-Installatie";"Werktuigbouwkundig";"Circulatiepomp (TSA - CV)";"Circulatiepomp";"st";"";"56";;"1"
"W-Installatie";"Werktuigbouwkundig";"Circulatiepomp GKW";"Circulatiepomp";"st";"";"56";"2";"2"
"W-Installatie";"Werktuigbouwkundig";"Circulatiepomp Magna3 100-100F";"Circulatiepomp";"st";"";"56";;"1"
"W-Installatie";"Werktuigbouwkundig";"Circulatiepomp Magna3 32-100F";"Circulatiepomp";"st";"";"56";;"1"
"W-Installatie";"Werktuigbouwkundig";"Circulatiepomp Magna3 32-60F";"Circulatiepomp";"st";"";"56";;"1"
"W-Installatie";"Werktuigbouwkundig";"Circulatiepomp Magna3 40-150F";"Circulatiepomp";"st";"";"56";"3";"3"
"W-Installatie";"Werktuigbouwkundig";"Circulatiepomp Magna3 40-80F";"Circulatiepomp";"st";"";"56";;"1"
"W-Installatie";"Werktuigbouwkundig";"Circulatiepomp Magna3 50-180F";"Circulatiepomp";"st";"";"56";"3";"3"
"W-Installatie";"Werktuigbouwkundig";"Circulatiepomp Magna3 65-150F";"Circulatiepomp";"st";"";"56";;"1"
"W-Installatie";"Werktuigbouwkundig";"Circulatiepomp TPE2 50-240N";"Circulatiepomp";"st";"";"56";;"1"
"W-Installatie";"Werktuigbouwkundig";"Dakventilator";"Dakventilator";"st";"";"57";"6";"6"
"W-Installatie";"Werktuigbouwkundig";"Dakventilator";"Dakventilator";"st";"";"57";"7";"7"
"W-Installatie";"Werktuigbouwkundig";"Dakventilator (vaatwasser)";"Dakventilator";"st";"";"57";"2";"2"
"W-Installatie";"Werktuigbouwkundig";"Dakventilator 0,7 - 1,4 m3/s";"Dakventilator";"st";"";"57";;"1"
"W-Installatie";"Werktuigbouwkundig";"Droogkoeler";"Droogkoeler";"st";"Koudeopwekking";"55";;"1"
"W-Installatie";"Werktuigbouwkundig";"Droogkoeler 200 kW";"Droogkoeler";"st";"Koudeopwekking";"55";;"1"
"W-Installatie";"Werktuigbouwkundig";"Expansieautomaat 600 liter";"Expansieautomaat";"st";"";"56";;"1"
"W-Installatie";"Werktuigbouwkundig";"Expansievat 140 liter";"Expansievat";"st";"";"56";;"1"
"W-Installatie";"Werktuigbouwkundig";"Expansievat 200 liter (zonnepaneel)";"Expansievat";"st";"";"56";;"1"
"W-Installatie";"Werktuigbouwkundig";"Expansievat 300 ltr";"Expansievat";"st";"Koudeopwekking";"56";"2";"2"
"W-Installatie";"Werktuigbouwkundig";"Expansievat 540 liter";"Expansievat";"st";"";"56";;"1"
"W-Installatie";"Werktuigbouwkundig";"Expansievat 600 liter (installatie))";"Expansievat";"st";"";"56";;"1"
"W-Installatie";"Werktuigbouwkundig";"Hemelwaterafvoer/ goten";"Hemelwaterafvoer/goten";"pst";"";"52";"12";"12"
"W-Installatie";"Werktuigbouwkundig";"Hydrofoor";"Hydrofoor";"st";"";"53";"4";"4"
"W-Installatie";"Werktuigbouwkundig";"Ketel elektrisch 100 - 150 KW";"CV-Ketel";"st";"Warmteopwekking";"51";;"1"
"W-Installatie";"Werktuigbouwkundig";"Ketel elektrisch 300 - 400 KW";"CV-Ketel";"st";"Warmteopwekking";"51";;"1"
"W-Installatie";"Werktuigbouwkundig";"Ketel elektrisch 40 - 65 KW";"CV-Ketel";"st";"Warmteopwekking";"51";;"1"
"W-Installatie";"Werktuigbouwkundig";"Ketel elektrisch HR 40 - 65 KW";"CV-Ketel";"st";"Warmteopwekking";"51";;"1"
"W-Installatie";"Werktuigbouwkundig";"Ketel Gasgestookt combi Hr 24 kW";"CV-Ketel";"st";"Warmteopwekking";"51";;"1"
"W-Installatie";"Werktuigbouwkundig";"Ketel gasgestookt HR < 25 KW";"CV-Ketel";"st";"Warmteopwekking";"51";"2";"2"
"W-Installatie";"Werktuigbouwkundig";"Ketel gasgestookt HR 150 - 200 KW";"CV-Ketel";"st";"Warmteopwekking";"51";;"1"
"W-Installatie";"Werktuigbouwkundig";"Ketel gasgestookt HR 200 kW";"CV-Ketel";"st";"Warmteopwekking";"51";"2";"2"
"W-Installatie";"Werktuigbouwkundig";"Ketel gasgestookt HR 300 - 400 KW";"CV-Ketel";"st";"Warmteopwekking";"51";"2";"2"
"W-Installatie";"Werktuigbouwkundig";"Ketel gasgestookt HR 40 - 65 KW (ketel 1)";"CV-Ketel";"st";"Warmteopwekking";"51";"2";"2"
"W-Installatie";"Werktuigbouwkundig";"Ketel gasgestookt HR 40 - 65 KW (ketel 2)";"CV-Ketel";"st";"Warmteopwekking";"51";"2";"2"
"W-Installatie";"Werktuigbouwkundig";"Ketel gasgestookt HR 40 - 65 KW (ketel 3)";"CV-Ketel";"st";"Warmteopwekking";"51";"2";"2"
"W-Installatie";"Werktuigbouwkundig";"Ketel gasgestookt HR 40 - 65 KW (ketel 4)";"CV-Ketel";"st";"Warmteopwekking";"51";"2";"2"
"W-Installatie";"Werktuigbouwkundig";"Ketel gasgestookt HR 40 - 65 KW (ketel 5)";"CV-Ketel";"st";"Warmteopwekking";"51";;"1"
"W-Installatie";"Werktuigbouwkundig";"Ketel gasgestookt HR 40 - 65 KW (Tapwaterketel 1)";"CV-Ketel";"st";"Warmteopwekking";"51";;"1"
"W-Installatie";"Werktuigbouwkundig";"Ketel gasgestookt HR 40 - 65 KW (Tapwaterketel 2)";"CV-Ketel";"st";"Warmteopwekking";"51";;"1"
"W-Installatie";"Werktuigbouwkundig";"Ketel gasgestookt HR 40 - 65 KW (Tapwaterketel)";"CV-Ketel";"st";"Warmteopwekking";"51";;"1"
"W-Installatie";"Werktuigbouwkundig";"Ketel gasgestookt HR 400 - 500 KW";"CV-Ketel";"st";"Warmteopwekking";"51";;"1"
"W-Installatie";"Werktuigbouwkundig";"Ketel gasgestookt HR 45 KW";"CV-Ketel";"st";"Warmteopwekking";"51";;"1"
"W-Installatie";"Werktuigbouwkundig";"Ketel gasgestookt HR 550 kW";"CV-Ketel";"st";"Warmteopwekking";"51";"2";"2"
"W-Installatie";"Werktuigbouwkundig";"Koelcel (mortuarium begane grond)";"Koelcel";"st";"";"73";;"1"
"W-Installatie";"Werktuigbouwkundig";"Koelmachine < 20 kW";"Koelmachine";"st";"Koudeopwekking";"55";"2";"7"
"W-Installatie";"Werktuigbouwkundig";"Koelmachine 130 - 150 kW";"Koelmachine";"st";"Koudeopwekking";"55";;"1"
"W-Installatie";"Werktuigbouwkundig";"Koelmachine 20 - 30 kW";"Koelmachine";"st";"Koudeopwekking";"55";"3";"5"
"W-Installatie";"Werktuigbouwkundig";"Koelmachine 250 - 300 kW";"Koelmachine";"st";"Koudeopwekking";"55";"2";"2"
"W-Installatie";"Werktuigbouwkundig";"LBK Afvoer buitenopstelling 10.000 m?/h";"Luchtbehandelingskasten (LBK)";"st";"";"57";;"2"
"W-Installatie";"Werktuigbouwkundig";"LBK buitenopstelling";"Luchtbehandelingskasten (LBK)";"st";"";"57";;"2"
"W-Installatie";"Werktuigbouwkundig";"LBK buitenopstelling 10.000 m?/h";"Luchtbehandelingskasten (LBK)";"st";"";"57";;"2"
"W-Installatie";"Werktuigbouwkundig";"LBK toe-/afvoer  binnenopstelling (keuken)";"Luchtbehandelingskasten (LBK)";"st";"";"57";;"2"
"W-Installatie";"Werktuigbouwkundig";"LBK toe-/afvoer binnenopstelling (< 3600 m3/s)";"Luchtbehandelingskasten (LBK)";"st";"";"57";"6";"6"
"W-Installatie";"Werktuigbouwkundig";"LBK toe-/afvoer binnenopstelling (recreatie)";"Luchtbehandelingskasten (LBK)";"st";"";"57";;"2"
"W-Installatie";"Werktuigbouwkundig";"LBK toe-/afvoer binnenopstelling [...... m3/h]";"Luchtbehandelingskasten (LBK)";"st";"";"57";;"1"
"W-Installatie";"Werktuigbouwkundig";"LBK toe-/afvoer binnenopstelling [12.000 m3/h]";"Luchtbehandelingskasten (LBK)";"st";"";"57";"5";"5"
"W-Installatie";"Werktuigbouwkundig";"LBK toe-/afvoer binnenopstelling [14.000 m3/h]";"Luchtbehandelingskasten (LBK)";"st";"";"57";"2";"2"
"W-Installatie";"Werktuigbouwkundig";"LBK toe-/afvoer buitenopstelling [< 3.600 m3/h]";"Luchtbehandelingskasten (LBK)";"st";"";"57";;"2"
"W-Installatie";"Werktuigbouwkundig";"LBK toe-/afvoer buitenopstelling [>12.000 m3/h]";"Luchtbehandelingskasten (LBK)";"st";"";"57";;"2"
"W-Installatie";"Werktuigbouwkundig";"LBK toe-/afvoer buitenopstelling [3.600 m3/h - 10.000 m?/h)";"Luchtbehandelingskasten (LBK)";"st";"";"57";"2";"4"
"W-Installatie";"Werktuigbouwkundig";"LBK Toevoer buitenopstelling 10.000 m?/h";"Luchtbehandelingskasten (LBK)";"st";"";"57";;"2"
"W-Installatie";"Werktuigbouwkundig";"Mechanische ventilatie-unit + WTW";"Mechanische ventilatie-unit + WTW";"st";"";"57";;"1"
"W-Installatie";"Werktuigbouwkundig";"Ontgasser";"Ontgasser";"st";"Warmteopwekking";"51";;"1"
"W-Installatie";"Werktuigbouwkundig";"Opvoerpomp";"Opvoerpomp";"st";"";"56";;"1"
"W-Installatie";"Werktuigbouwkundig";"Regelinstallatie";"Regelinstallatie";"st";"Regeling klimaat en sanitair";"58";"4";"8"
"W-Installatie";"Werktuigbouwkundig";"Regelinstallatie (RK01)";"Regelinstallatie";"st";"Regeling klimaat en sanitair";"58";"3";"5"
"W-Installatie";"Werktuigbouwkundig";"Regelinstallatie (RK03)";"Regelinstallatie";"st";"Regeling klimaat en sanitair";"58";;"2"
"W-Installatie";"Werktuigbouwkundig";"Regelinstallatie (RK04)";"Regelinstallatie";"st";"Regeling klimaat en sanitair";"58";;"2"
"W-Installatie";"Werktuigbouwkundig";"Regelkast";"Regelkast";"st";"Regeling klimaat en sanitair";"58";"6";"12"
"W-Installatie";"Werktuigbouwkundig";"Regelkast (RKCV1)";"Regelkast";"st";"Regeling klimaat en sanitair";"58";;"2"
"W-Installatie";"Werktuigbouwkundig";"Regelkast (RKCV2)";"Regelkast";"st";"Regeling klimaat en sanitair";"58";;"2"
"W-Installatie";"Werktuigbouwkundig";"Regelkast (RKKM1)";"Regelkast";"st";"Regeling klimaat en sanitair";"58";;"2"
"W-Installatie";"Werktuigbouwkundig";"Regelkast (RKWKK)";"Regelkast";"st";"Regeling klimaat en sanitair";"58";;"2"
"W-Installatie";"Werktuigbouwkundig";"Regelkast RK01";"Regelkast";"st";"Regeling klimaat en sanitair";"58";;"2"
"W-Installatie";"Werktuigbouwkundig";"Regelkast RK02";"Regelkast";"st";"Regeling klimaat en sanitair";"58";;"2"
"W-Installatie";"Werktuigbouwkundig";"Regelkast RK03";"Regelkast";"st";"Regeling klimaat en sanitair";"58";;"2"
"W-Installatie";"Werktuigbouwkundig";"Tapwaterpomp";"Tapwaterpomp";"st";"";"56";"11";"11"
"W-Installatie";"Werktuigbouwkundig";"Tapwaterpomp (verdeler)";"Tapwaterpomp";"st";"";"53";"2";"2"
"W-Installatie";"Werktuigbouwkundig";"Tapwaterpomp (zonnepaneel)";"Tapwaterpomp";"st";"";"53";;"1"
"W-Installatie";"Werktuigbouwkundig";"Tegenstroomapparaat (TSA)";"Tegenstroomapparaat (TSA)";"st";"Warmteopwekking";"51";"8";"8"
"W-Installatie";"Werktuigbouwkundig";"Toevoerventilator";"Toevoerventilator";"st";"";"57";;"1"
"W-Installatie";"Werktuigbouwkundig";"Transportcirculatiepomp";"Transportcirculatiepomp";"st";"";"56";;"1"
"W-Installatie";"Werktuigbouwkundig";"Transportcirculatiepomp (twin)";"Transportcirculatiepomp";"st";"";"56";;"1"
"W-Installatie";"Werktuigbouwkundig";"TSA (zonnepaneel)";"Tegenstroomapparaat (TSA)";"st";"Warmteopwekking";"51";"2";"2"
"W-Installatie";"Werktuigbouwkundig";"Voorrraadvat CV";"Voorraadvat";"st";"";"53";"2";"4"
"W-Installatie";"Werktuigbouwkundig";"Voorrraadvat GKW";"Voorraadvat";"st";"";"53";;"2"
"W-Installatie";"Werktuigbouwkundig";"Vuilwaterpomp";"Vuilwaterpomp";"st";"";"52";;"1"
"W-Installatie";"Werktuigbouwkundig";"Warmtepomp";"Warmtepomp";"st";"Warmteopwekking";"51";"6";"6"
"W-Installatie";"Werktuigbouwkundig";"Warmtepomp 40 kW";"Warmtepomp";"st";"Warmteopwekking";"51";;"1"
"W-Installatie";"Werktuigbouwkundig";"Warmtewisselaar pakking 200 kW";"Warmtewisselaar";"st";"";"56";;"1"
"W-Installatie";"Werktuigbouwkundig";"Water/water warmtepomp 40 - 60 kW";"Warmtepomp";"st";"Warmteopwekking";"51";;"1"
"W-Installatie";"Werktuigbouwkundig";"Water/water warmtepomp 70 - 110 kW";"Warmtepomp";"st";"Warmteopwekking";"51";"2";"2"
"W-Installatie";"Werktuigbouwkundig";"WKO";"Warmte Koude Opslag (WKO)";"st";"Warmteopwekking";"51";"2";"4"
"W-Installatie";"Werktuigbouwkundig";"Zonneboiler 500 liter";"Zonneboiler";"st";"";"53";"3";"3"
"W-Installatie Keuken";"Werktuigbouwkundig";"Koelcel (keuken begane grond)";"Koelcelinstallatie";"st";"";"73";;"1"
"W-Installatie Keuken";"Werktuigbouwkundig";"Koelcel (keuken)";"Koelcelinstallatie";"st";"";"73";;"1"
"W-Installatie Keuken";"Werktuigbouwkundig";"Koelcel (restaurant 1e verdieping)";"Koelcelinstallatie";"st";"";"73";;"1"
"W-Installatie Keuken";"Werktuigbouwkundig";"Koelcel (restaurant begane grond)";"Koelcelinstallatie";"st";"";"73";"2";"2"
"W-Installatie Keuken";"Werktuigbouwkundig";"Koelcelinstallatie (keuken)";"Koelcelinstallatie";"st";"";"73";;"1"
"W-Installatie Keuken";"Werktuigbouwkundig";"Koel-vriescel";"Vriescelinstallatie";"st";"";"73";;"1"
"W-Installatie Keuken";"Werktuigbouwkundig";"Vriescel (keuken 1e verdieping)";"Vriescelinstallatie";"st";"";"73";;"1"
"W-Installatie Keuken";"Werktuigbouwkundig";"Vriescel (keuken begane grond)";"Vriescelinstallatie";"st";"";"73";;"1"
"W-Installatie Keuken";"Werktuigbouwkundig";"Vriescel (keuken)";"Vriescelinstallatie";"st";"";"73";;"1"
"W-Installatie Keuken";"Werktuigbouwkundig";"Vriescelinstallatie (keuken)";"Vriescelinstallatie";"st";"";"73";;"1"
